equation,residual
branch0_seg0:flow,0.00000000000000000e+00
branch0_seg0:pressure,6.27470938129135902e-01
branch2_seg0:flow,2.18278728425502777e-11
branch2_seg0:pressure,4.22599650348960409e-02
branch3_seg0_1_2_connectorEL:flow,0.00000000000000000e+00
branch3_seg0_1_2_connectorEL:pressure,0.00000000000000000e+00
branch4_seg0:flow,1.49157131090760231e-10
branch4_seg0:pressure,-4.91761643649661906e-01
branch5_seg0_connectorEL:flow,0.00000000000000000e+00
branch5_seg0_connectorEL:pressure,0.00000000000000000e+00
branch6_seg0_connectorEL:flow,0.00000000000000000e+00
branch6_seg0_connectorEL:pressure,0.00000000000000000e+00
branch7_seg0:flow,4.72937244921922684e-11
branch7_seg0:pressure,-3.98326984924132432e-01
branch8_seg0:flow,3.63797880709171295e-11
branch8_seg0:pressure,-3.06216518664374604e-01
branch9_seg0_connectorEL:flow,0.00000000000000000e+00
branch9_seg0_connectorEL:pressure,0.00000000000000000e+00
branch10_seg0_connectorEL:flow,0.00000000000000000e+00
branch10_seg0_connectorEL:pressure,0.00000000000000000e+00
branch11_seg0:flow,1.12777343019843102e-10
branch11_seg0:pressure,-1.71449263268302232e-01
branch12_seg0_connectorEL:flow,0.00000000000000000e+00
branch12_seg0_connectorEL:pressure,0.00000000000000000e+00
branch13_seg0:flow,5.09317032992839813e-11
branch13_seg0:pressure,-2.34955500224016234e-01
branch14_seg0_1_2_connectorEL:flow,0.00000000000000000e+00
branch14_seg0_1_2_connectorEL:pressure,0.00000000000000000e+00
branch15_seg0_connectorEL:flow,0.00000000000000000e+00
branch15_seg0_connectorEL:pressure,0.00000000000000000e+00
branch16_seg0:flow,1.85536919161677361e-10
branch16_seg0:pressure,-2.70971473946474362e-01
branch17_seg0:flow,1.09139364212751389e-11
branch17_seg0:pressure,-9.73415705055957758e-02
branch18_seg0:flow,2.18278728425502777e-11
branch18_seg0:pressure,-3.51983194703674229e-01
branch19_seg0:flow,4.00177668780088425e-11
branch19_seg0:pressure,2.74182637788683792e-01
branch21_seg0:flow,0.00000000000000000e+00
branch21_seg0:pressure,1.26280796458900113e-01
branch23_seg0:flow,0.00000000000000000e+00
branch23_seg0:pressure,-3.67229074082260354e-02
branch24_seg0_connectorEL:flow,0.00000000000000000e+00
branch24_seg0_connectorEL:pressure,0.00000000000000000e+00
branch25_seg0_connectorEL:flow,0.00000000000000000e+00
branch25_seg0_connectorEL:pressure,0.00000000000000000e+00
branch26_seg0:flow,0.00000000000000000e+00
branch26_seg0:pressure,1.79083971944797860e-02
branch28_seg0:flow,0.00000000000000000e+00
branch28_seg0:pressure,-7.22760817976133563e-02
branch29_seg0:flow,0.00000000000000000e+00
branch29_seg0:pressure,-4.60645834554807010e-02
branch30_seg0:flow,0.00000000000000000e+00
branch30_seg0:pressure,-1.06181476609584546e-01
branch31_seg0:flow,0.00000000000000000e+00
branch31_seg0:pressure,-1.27570034685060563e-02
branch32_seg0_connectorEL:flow,0.00000000000000000e+00
branch32_seg0_connectorEL:pressure,0.00000000000000000e+00
branch33_seg0_connectorEL:flow,0.00000000000000000e+00
branch33_seg0_connectorEL:pressure,0.00000000000000000e+00
branch34_seg0:flow,0.00000000000000000e+00
branch34_seg0:pressure,-7.14502904752496448e-02
J0:mass_conservation,-4.46663116508442926e-01
J0:outlet_0_pressure_flow,2.60774732941584445e-02
J0:outlet_1_pressure_flow,6.29094507708381288e-10
J1_bif0:mass_conservation,-1.14035160607727732e+01
J1_bif0:outlet_0_pressure_flow,4.20626798791910057e-11
J1_bif0:outlet_1_pressure_flow,0.00000000000000000e+00
J1_bif1:mass_conservation,-1.10134002008081495e+01
J1_bif1:outlet_0_pressure_flow,4.72147067577810721e-12
J1_bif1:outlet_1_pressure_flow,0.00000000000000000e+00
J1_bif2:mass_conservation,-7.64508900541656544e+00
J1_bif2:outlet_0_pressure_flow,2.47091159083965308e-11
J1_bif2:outlet_1_pressure_flow,0.00000000000000000e+00
J1_bif3:mass_conservation,-9.45720713316239880e+00
J1_bif3:outlet_0_pressure_flow,4.79286560721771266e-11
J1_bif3:outlet_1_pressure_flow,0.00000000000000000e+00
J1_bif4:mass_conservation,-4.73209077017350239e+01
J1_bif4:outlet_0_pressure_flow,1.50460615659247651e-09
J1_bif4:outlet_1_pressure_flow,0.00000000000000000e+00
J1_bif5:mass_conservation,-9.56211959738374162e+00
J1_bif5:outlet_0_pressure_flow,-2.45408610253932261e-11
J1_bif5:outlet_1_pressure_flow,0.00000000000000000e+00
J1_bif6:mass_conservation,-1.10222484638182152e+01
J1_bif6:outlet_0_pressure_flow,9.35991010926774482e-12
J1_bif6:outlet_1_pressure_flow,0.00000000000000000e+00
J1_bif7:mass_conservation,-1.26544945130953579e+01
J1_bif7:outlet_0_pressure_flow,-1.14949538747860111e-10
J1_bif7:outlet_1_pressure_flow,0.00000000000000000e+00
J1_bif8:mass_conservation,1.21936174952520275e+02
J1_bif8:outlet_0_pressure_flow,-1.77525966909024309e-10
J1_bif8:outlet_1_pressure_flow,-2.81554426048008744e-11
J2:mass_conservation,-4.05438104804956012e-02
J2:outlet_0_pressure_flow,9.39393687104365393e-11
J2:outlet_1_pressure_flow,3.17024594717283229e-11
J3:mass_conservation,2.94753594661871787e-02
J3:outlet_0_pressure_flow,3.88303200056220111e-12
J3:outlet_1_pressure_flow,1.88367089955415884e-12
J4:mass_conservation,-3.64030983509313621e-02
J4:outlet_0_pressure_flow,1.69361042914853212e-11
J4:outlet_1_pressure_flow,4.39247949777436433e-12
J5:mass_conservation,-6.47735541459555364e-02
J5:outlet_0_pressure_flow,4.25609691555769083e-11
J5:outlet_1_pressure_flow,1.08176330040953825e-11
J6_bif0:mass_conservation,-3.91901673750104962e+00
J6_bif0:outlet_0_pressure_flow,-3.92411123107331983e-13
J6_bif0:outlet_1_pressure_flow,0.00000000000000000e+00
J6_bif1:mass_conservation,-2.24798003862423101e+00
J6_bif1:outlet_0_pressure_flow,-1.85260650295295938e-13
J6_bif1:outlet_1_pressure_flow,0.00000000000000000e+00
J6_bif2:mass_conservation,6.44061998690185522e+00
J6_bif2:outlet_0_pressure_flow,-2.11652680522608947e-11
J6_bif2:outlet_1_pressure_flow,-1.44527404209916850e-13
J7:mass_conservation,-1.09211354349385559e-02
J7:outlet_0_pressure_flow,2.60777469953479713e-12
J7:outlet_1_pressure_flow,3.68743068807076367e-12
J8:mass_conservation,-1.85776756920534858e-02
J8:outlet_0_pressure_flow,5.78883719538654897e-12
J8:outlet_1_pressure_flow,2.92232714234908198e-13
J9:mass_conservation,5.89286803782396174e-03
J9:outlet_0_pressure_flow,9.34939794543473543e-13
J9:outlet_1_pressure_flow,-3.43810553230859673e-14
J10:mass_conservation,8.05448378607516169e-02
J10:outlet_0_pressure_flow,-3.16306359445452989e-14
J10:outlet_1_pressure_flow,-2.52196357919148990e-13
J11:mass_conservation,-7.92995414146535627e-02
J11:outlet_0_pressure_flow,1.98540654432141453e-12
J11:outlet_1_pressure_flow,2.81863324078739683e-13
